A,T,C,G,D
0,1,0,0,47
0,1,0,0,47
1,0,0,0,47
1,0,0,0,47
0,1,0,0,47
0,0,0,1,47
0,0,1,0,47
1,0,0,0,47
1,0,0,0,47
1,0,0,0,47
0,1,0,0,47
0,0,1,0,47
0,0,1,0,47
0,0,0,1,47
1,0,0,0,47
1,0,0,0,47
1,0,0,0,47
0,0,1,0,47
1,0,0,0,47
0,0,0,1,47
0,1,0,0,47
1,0,0,0,47
0,1,0,0,47
1,0,0,0,47
1,0,0,0,47
1,0,0,0,47
0,1,0,0,47
1,0,0,0,47
0,1,0,0,47
0,0,0,1,47
0,1,0,0,47
0,0,0,1,47
0,1,0,0,47
1,0,0,0,47
0,0,0,1,47
1,0,0,0,47
0,0,0,1,47
0,0,0,1,47
0,0,0,1,47
0,1,0,0,47
0,1,0,0,47
0,0,1,0,47
1,0,0,0,47
0,1,0,0,47
0,0,0,1,47
0,0,1,0,47
0,0,1,0,47
0,1,0,0,47
1,0,0,0,47
0,1,0,0,47
0,0,0,1,47
1,0,0,0,47
0,1,0,0,47
1,0,0,0,47
1,0,2,0,45
3,0,0,0,45
3,0,0,0,45
2,0,1,0,45
1,2,0,0,45
1,2,0,0,45
2,1,0,0,45
2,0,1,0,45
2,0,1,0,45
1,0,0,2,45
2,1,0,0,45
3,0,0,0,45
0,0,0,3,45
1,0,2,0,45
2,1,0,0,45
0,0,1,2,45
3,0,0,0,45
3,0,0,0,45
2,1,0,0,45
1,0,2,0,45
2,0,1,0,45
3,0,0,0,45
2,0,0,1,45
2,1,0,0,45
2,1,0,0,45
0,1,2,0,45
2,0,0,1,45
2,0,0,1,45
1,0,0,2,45
0,3,0,0,45
4,0,0,0,44
3,0,0,1,44
2,0,2,0,44
3,1,0,0,44
0,1,3,0,44
2,0,2,0,44
1,0,1,2,44
3,1,0,0,44
2,0,2,0,44
2,1,1,0,44
0,2,2,0,44
2,0,1,1,44
2,1,0,1,44
1,2,1,0,44
1,1,2,0,44
2,1,1,0,44
2,1,0,1,44
1,1,2,0,44
3,1,0,0,44
0,1,3,0,44
3,0,1,0,44
1,0,0,3,44
3,0,0,1,44
0,1,0,3,44
3,18,0,1,26
22,0,0,0,26
3,0,18,1,26
0,0,21,1,26
1,1,20,0,26
20,1,0,1,26
19,1,2,0,26
0,18,2,2,26
1,3,18,0,26
1,0,18,4,25
1,21,1,0,25
0,2,19,2,25
31,2,0,0,15
1,30,0,2,15
1,2,0,30,15
4,2,27,0,15
4,0,29,0,15
21,12,0,0,15
32,0,1,0,15
1,0,0,32,15
28,0,0,5,15
0,2,1,30,15
9,20,2,2,15
4,3,2,24,15
30,0,0,3,15
4,1,0,28,15
6,2,0,25,15
2,0,0,1,45
0,2,0,1,45
1,0,0,2,45
0,2,0,0,46
0,0,2,0,46
0,2,0,0,46
2,0,0,0,46
0,2,0,0,46
2,0,0,0,46
2,0,0,0,46
2,0,0,0,46
0,2,0,0,46
2,0,0,0,46
0,2,0,0,46
2,0,0,0,46
2,0,0,0,46
0,0,0,2,46
2,0,0,0,46
0,6,0,30,12
30,6,0,0,12
0,22,9,5,12
7,4,28,1,8
0,7,33,0,8
22,9,2,7,8
0,25,8,7,8
0,40,0,0,8
0,14,0,26,8
8,7,0,25,8
0,32,1,7,8
4,17,0,19,8
7,1,0,32,8
0,39,1,0,8
7,25,7,1,8
2,8,0,30,8
0,8,0,32,8
9,20,2,9,8
22,0,17,1,8
8,0,0,32,8
11,2,1,26,8
1,0,0,39,8
1,39,0,0,8
2,11,0,27,8
33,0,1,6,8
1,39,0,0,8
25,7,1,7,8
1,0,0,39,8
1,7,0,32,8
20,9,0,11,8
1,0,0,39,8
40,0,0,0,8
1,30,9,0,8
1,0,7,32,8
0,33,7,0,8
22,18,0,0,8
1,24,8,7,8
8,32,0,0,8
5,8,7,20,8
0,0,0,40,8
33,0,7,0,8
1,15,23,1,8
1,0,39,0,8
1,1,38,0,8
9,0,27,4,8
7,34,0,0,7
1,32,1,7,7
0,24,17,0,7
30,0,10,1,7
3,2,36,0,7
17,22,2,0,7
23,18,0,0,7
0,1,18,22,7
24,9,0,8,7
4,28,0,9,7
9,0,28,4,7
10,4,23,4,7
22,0,9,9,8
0,31,9,0,8
10,9,21,0,8
13,25,0,3,7
12,0,28,1,7
1,31,9,0,7
0,0,40,1,7
0,40,1,0,7
12,26,1,2,7
40,0,1,0,7
2,0,0,39,7
24,0,1,16,7
0,1,0,40,7
8,32,0,1,7
8,7,20,6,7
30,9,0,2,7
8,3,30,0,7
18,18,5,0,7
1,40,0,0,7
33,8,0,0,7
1,6,26,8,7
8,0,9,24,7
13,0,1,27,7
0,36,5,0,7
27,5,2,0,14
24,1,5,4,14
6,7,20,1,14
1,0,0,0,47
0,0,0,1,47
0,1,0,0,47
1,0,0,0,47
1,0,0,0,47
0,0,1,0,47
1,0,0,0,47
1,0,0,0,47
0,1,0,0,47
1,0,0,0,47
0,0,0,1,47
0,1,0,0,47
1,0,0,0,47
1,0,0,0,47
0,1,0,0,47
0,0,0,1,47
0,0,0,1,47
0,1,0,0,47
32,0,0,2,14
5,0,0,29,14
30,0,0,4,14
0,1,0,33,14
31,0,2,1,14
21,5,3,5,14
2,2,0,30,14
0,32,0,2,14
19,7,3,5,14
33,0,0,1,14
5,0,10,19,14
1,6,27,0,14
32,2,0,0,14
32,0,2,0,14
2,32,0,0,14
0,0,0,34,14
0,0,4,30,14
20,6,7,1,14
0,34,0,0,14
0,6,0,28,14
4,9,19,2,14
0,0,0,34,14
30,2,2,0,14
0,4,0,30,14
0,22,10,2,14
0,34,0,0,14
2,6,22,4,14
31,0,1,0,16
9,0,0,23,16
25,0,0,7,16
0,0,32,0,16
0,0,32,0,16
0,12,20,0,16
0,32,0,0,16
0,0,32,0,16
25,6,1,0,16
0,0,10,24,14
12,1,21,0,14
11,19,0,4,14
0,3,1,31,13
0,32,0,3,13
5,9,0,21,13
2,0,2,30,14
2,32,0,0,14
3,4,22,5,14
25,0,5,4,14
31,2,0,1,14
2,1,22,9,14
2,0,30,2,14
34,0,0,0,14
7,2,0,25,14
0,0,34,0,14
0,0,34,0,14
4,25,0,5,14
32,0,0,2,14
0,0,2,32,14
9,0,2,23,14
0,2,0,32,14
2,31,1,0,14
0,33,0,1,14
4,0,2,30,12
36,0,0,0,12
6,6,3,21,12
28,4,0,4,12
0,31,5,0,12
2,31,3,0,12
2,0,2,32,12
2,0,0,34,12
8,6,0,22,12
2,0,0,32,14
2,0,0,32,14
3,2,20,9,14
24,0,0,10,14
34,0,0,0,14
2,27,5,0,14
2,0,0,32,14
32,2,0,0,14
0,7,25,2,14
0,3,31,0,14
0,34,0,0,14
0,7,8,19,14
29,0,3,2,14
0,0,0,34,14
0,2,3,29,14
32,0,0,0,16
4,0,28,0,16
0,6,26,0,16
0,32,0,0,16
0,14,0,18,16
0,3,29,0,16
0,32,0,0,16
32,0,0,0,16
0,4,28,0,16
32,0,0,0,16
0,0,32,0,16
18,14,0,0,16
0,6,15,0,27
0,21,0,0,27
3,2,0,16,27
2,0,0,0,46
0,2,0,0,46
0,0,0,2,46
0,0,0,2,46
0,2,0,0,46
0,2,0,0,46
0,2,0,0,46
0,0,0,2,46
0,2,0,0,46
2,0,0,0,46
0,2,0,0,46
0,1,1,0,46
0,2,0,0,46
0,2,0,0,46
0,0,0,2,46
0,0,8,0,40
3,5,0,0,40
0,0,1,7,40
2,2,0,24,20
1,27,0,0,20
0,17,7,4,20
25,0,12,0,11
0,37,0,0,11
1,0,2,34,11
0,1,1,35,11
0,37,0,0,11
12,3,0,22,11
10,0,1,26,11
26,1,0,10,11
0,21,15,1,11
0,2,35,0,11
0,0,37,0,11
8,20,8,1,11
0,3,0,25,20
25,0,3,0,20
3,13,12,0,20
2,1,0,25,20
0,4,23,1,20
3,22,2,1,20
2,1,25,0,20
2,1,25,0,20
21,1,6,0,20
25,3,0,0,20
0,0,1,27,20
0,9,19,0,20
0,2,25,0,21
0,2,25,0,21
21,2,2,2,21
27,0,0,0,21
2,0,0,25,21
0,20,7,0,21
6,2,0,19,21
25,0,2,0,21
11,6,10,0,21
0,0,27,0,21
0,0,27,0,21
13,8,5,1,21
17,0,6,2,23
24,0,0,1,23
1,3,21,0,23
0,2,23,0,23
0,25,0,0,23
15,3,5,2,23
23,0,2,0,23
3,0,0,22,23
6,0,0,19,23
0,0,0,22,26
22,0,0,0,26
15,0,0,7,26
0,22,0,0,26
22,0,0,0,26
0,15,7,0,26
0,18,4,0,26
0,22,0,0,26
5,0,2,15,26
2,0,22,0,24
24,0,0,0,24
2,17,5,0,24
2,28,0,0,18
0,2,0,28,18
0,0,0,30,18
0,12,19,2,15
0,31,2,0,15
2,0,0,31,15
2,0,0,31,15
0,31,0,2,15
2,3,7,21,15
39,0,1,6,2
15,17,14,0,2
7,6,5,28,2
3,12,0,31,2
34,0,10,2,2
1,36,9,0,2
31,11,1,3,2
0,43,3,0,2
13,4,26,3,2
9,0,39,0,0
4,11,33,0,0
15,15,0,18,0
1,12,3,32,0
19,8,16,5,0
30,3,9,6,0
40,0,3,4,1
4,11,15,17,1
13,5,20,9,1
31,0,4,3,10
0,5,33,0,10
2,22,6,8,10
7,0,2,29,10
2,5,6,25,10
27,2,0,9,10
21,2,2,13,10
5,0,33,0,10
31,3,4,0,10
37,1,0,0,10
3,3,26,6,10
4,19,14,1,10
0,33,3,0,12
0,31,3,2,12
0,30,3,3,12
0,0,0,38,10
3,0,0,35,10
6,0,7,25,10
11,0,25,2,10
31,0,0,7,10
25,7,6,0,10
3,2,0,33,10
33,0,5,0,10
8,3,0,27,10
29,0,2,7,10
0,33,2,3,10
27,5,3,3,10
3,2,0,33,10
0,35,3,0,10
7,0,0,31,10
3,16,19,0,10
20,0,3,15,10
0,12,26,0,10
0,38,0,0,10
33,5,0,0,10
0,14,24,0,10
0,2,0,36,10
33,0,0,5,10
7,2,2,27,10
35,0,1,2,10
5,4,0,29,10
1,9,26,2,10
0,0,33,3,12
1,2,33,0,12
33,2,0,1,12
6,2,28,0,12
1,1,3,31,12
3,21,4,8,12
2,0,33,1,12
0,1,35,0,12
30,2,2,2,12
33,2,1,0,12
3,0,29,4,12
4,27,2,3,12
3,4,3,26,12
1,30,3,2,12
7,2,1,26,12
0,0,0,34,14
1,0,0,33,14
6,0,4,24,14
34,0,0,0,14
0,32,1,1,14
4,27,3,0,14
0,0,34,0,14
33,0,1,0,14
1,9,24,0,14
0,0,34,0,14
0,0,0,34,14
2,22,10,0,14
0,31,1,2,14
21,12,1,0,14
1,24,9,0,14
2,0,0,32,14
0,33,1,0,14
1,27,3,3,14
0,32,1,1,14
0,34,0,0,14
0,23,5,6,14
2,0,0,32,14
0,14,19,1,14
3,2,0,29,14
1,26,6,1,14
0,34,0,0,14
4,2,3,25,14
0,33,1,0,14
1,33,0,0,14
0,32,2,0,14
0,0,34,0,14
4,0,0,30,14
24,5,3,2,14
0,1,33,0,14
34,0,0,0,14
25,1,0,8,14
19,6,8,1,14
0,34,0,0,14
0,23,3,8,14
2,1,0,31,14
0,1,0,33,14
3,24,6,1,14
27,0,6,1,14
0,0,1,33,14
20,2,0,12,14
0,1,31,2,14
33,1,0,0,14
8,0,0,26,14
33,1,0,0,14
0,1,33,0,14
29,1,0,4,14
0,0,1,33,14
0,33,0,1,14
1,24,1,8,14
0,14,1,19,14
34,0,0,0,14
1,28,5,0,14
1,0,1,32,14
0,1,33,0,14
5,4,25,0,14
0,0,33,1,14
0,0,33,1,14
26,2,4,2,14
1,0,0,33,14
0,0,0,34,14
23,4,3,4,14
0,33,1,0,14
1,0,0,33,14
0,0,0,34,14
1,0,33,0,14
0,0,1,33,14
1,26,7,0,14
0,0,33,1,14
33,1,0,0,14
23,1,0,10,14
33,0,0,1,14
34,0,0,0,14
0,9,25,0,14
0,33,0,1,14
0,33,1,0,14
0,1,33,0,14
33,0,1,0,14
33,0,1,0,14
1,3,30,0,14
33,0,0,1,14
0,0,33,1,14
3,5,25,1,14
27,1,6,0,14
0,0,0,34,14
24,4,2,4,14
0,0,1,33,14
33,0,0,1,14
0,20,12,2,14
0,33,1,0,14
1,33,0,0,14
1,27,6,0,14
1,0,0,33,14
1,0,33,0,14
0,26,7,1,14
0,1,0,33,14
33,1,0,0,14
11,0,1,22,14
22,0,12,0,14
1,33,0,0,14
1,27,6,0,14
1,33,0,0,14
33,0,1,0,14
0,7,27,0,14
34,0,0,0,14
33,0,0,1,14
1,32,1,0,14
0,0,33,1,14
1,33,0,0,14
1,8,25,0,14
0,1,0,33,14
0,1,0,33,14
24,3,7,0,14
0,30,2,2,14
0,28,6,0,14
3,3,1,27,14
0,0,33,1,14
1,0,33,0,14
1,5,2,26,14
1,0,0,33,14
0,34,0,0,14
1,25,4,4,14
0,3,0,31,14
1,0,33,0,14
3,25,6,0,14
1,0,0,33,14
1,1,32,0,14
3,24,7,0,14
1,0,1,32,14
0,33,0,1,14
1,25,8,0,14
0,33,0,1,14
31,2,0,1,14
1,24,9,0,14
0,34,0,0,14
22,12,0,0,14
0,4,29,1,14
33,0,1,0,14
33,0,1,0,14
0,4,29,1,14
0,33,0,1,14
0,1,0,33,14
0,6,28,0,14
19,0,14,1,14
14,19,1,0,14
4,3,0,27,14
32,0,0,2,14
0,0,1,33,14
4,1,0,29,14
0,0,0,34,14
33,1,0,0,14
0,1,0,33,14
9,1,0,24,14
1,0,5,28,14
19,7,4,4,14
0,1,0,33,14
1,0,0,33,14
0,22,11,1,14
3,12,0,19,14
1,19,12,2,14
0,23,9,2,14
0,1,0,33,14
0,0,0,34,14
7,22,5,0,14
1,0,0,33,14
0,1,0,33,14
19,1,1,13,14
31,0,3,0,14
0,0,0,34,14
28,2,0,4,14
31,0,2,1,14
1,0,0,33,14
28,0,2,4,14
7,20,4,3,14
0,25,3,6,14
28,2,0,4,14
0,0,4,1,43
4,0,0,1,43
0,1,0,4,43
0,0,0,5,43
4,1,0,0,43
0,5,0,0,43
0,0,0,1,47
0,0,0,1,47
0,1,0,0,47
0,0,0,1,47
0,0,0,1,47
0,0,0,1,47
1,0,0,0,47
0,0,0,1,47
1,0,0,0,47
1,0,0,0,47
0,0,0,1,47
1,0,0,0,47
0,1,0,0,47
0,1,0,0,47
1,0,0,0,47
